hashtags,retweeted,coordinates,content,followers_count,score,location,retweet_count,listed_count,favorited,utc_offset,description,user_mentions,trackback_author_url,geo_enabled,geo,lang,favourites_count,firstpost_date,url,time_zone,place,trackback_author_nick,trackback_permalink
VeraBradley~BreastCancer~breastcancerchat~cancer~cancerchat,False,None,#VeraBradley Foundation for #BreastCancer keeps up record pace: http://t.co/QWv42KZsHe. #breastcancerchat #cancer #cancerchat,3982,7.6863537,Indiana,0,143,False,-14400,"Indiana University School of Medicine is the second largest medical school in the United States. Tweets by Sam and Kris, IU Communications.",,http://twitter.com/iumedschool,False,None,en,63,06/05/14,http://twitter.com/iumedschool/status/474597519729491968,Eastern Time (US & Canada),None,iumedschool,http://twitter.com/iumedschool/status/474597519729491968
cancerchat,False,None,"After all this time on Twitter, I still don't recognize most of the hashtags.  is there a generic #cancerchat?  And if so when?",1882,11.058623,Chicago,0,146,False,-18000,Married @ddenizen  2 daughters. Older 1 severe CP Can't talk.  I am SpEd advocate & I  network weave  http://t.co/KwHknyHRyE & gerry.http://t.co/KwHknyHRyE,,http://twitter.com/missshuganah,False,None,en,0,06/06/14,http://twitter.com/missshuganah/status/474707760878088192,Central Time (US & Canada),None,missshuganah,http://twitter.com/MissShuganah/status/474707760878088192
VeraBradley~BreastCancer~breastcancerchat~cancer~cancerchat,False,None,#VeraBradley Foundation for #BreastCancer keeps up record pace: http://t.co/QWv42KZsHe . #breastcancerchat #cancer #cancerchat,3983,9.244338,Indiana,1,143,False,-14400,"Indiana University School of Medicine is the second largest medical school in the United States. Tweets by Sam and Kris, IU Communications.",,http://twitter.com/iumedschool,False,None,en,63,06/08/14,http://twitter.com/iumedschool/status/475780562850828289,Eastern Time (US & Canada),None,iumedschool,http://twitter.com/iumedschool/status/475780562850828289
VeraBradley~BreastCancer~breastcancerchat~cancer~cancerchat,False,None,RT @iumedschool: #VeraBradley Foundation for #BreastCancer keeps up record pace: http://t.co/QWv42KZsHe . #breastcancerchat #cancer #cancer…,1516,7.4298735,pam@winnit.co.uk,1,27,False,3600,Supporting #BreastCancer - Women need to feel they have a voice when going through Breast Cancer - Page not monitored daily - Enquiries @WinAHome4Life,iumedschool,http://twitter.com/penrynpam,False,None,en,20,06/08/14,http://twitter.com/penrynpam/status/475782480709296129,London,None,penrynpam,http://twitter.com/PenrynPam/status/475782480709296129
cancerchat,False,None,A reminder that I am hosting a discussion on people's Attitudes to our Cancer on @EverydayAbleism tonight 9-10pm. Use hashtag #cancerchat,1096,8.953409,"Lancaster, UK",3,25,False,3600,"Bipolar Disorder & BRCA1 Breast Cancer...  Prolific, rarely funny and frequently mathematical.",EverydayAbleism,http://twitter.com/debecca,False,None,en,9341,06/19/14,http://twitter.com/debecca/status/479683949795766272,London,None,debecca,http://twitter.com/debecca/status/479683949795766272
cancerchat,False,None,RT @debecca: A reminder that I am hosting a discussion on people's Attitudes to our Cancer on @EverydayAbleism tonight 9-10pm. Use hashtag …,275,7.184003,Europe,3,8,False,7200,"Reclusive & mood disordered. 
#bipolar #anxiety #ptsd survivor
If you don't know your options 
then you don't have any.",debecca~EverydayAbleism,http://twitter.com/fuzz_walk,False,None,en,531,06/19/14,http://twitter.com/fuzz_walk/status/479685281864769536,Amsterdam,None,fuzz_walk,http://twitter.com/fuzz_walk/status/479685281864769536
cancerchat,False,None,"@abcdiagnosis @bccww Hosting a chat tonight 9-10pm on @EverydayAbleism re people's attitudes to our cancer, hashtag #cancerchat, please RT.",1096,8.338234,"Lancaster, UK",2,25,False,3600,"Bipolar Disorder & BRCA1 Breast Cancer...  Prolific, rarely funny and frequently mathematical.",abcdiagnosis~bccww~EverydayAbleism,http://twitter.com/debecca,False,None,en,9341,06/19/14,http://twitter.com/debecca/status/479691638923886592,London,None,debecca,http://twitter.com/debecca/status/479691638923886592
cancerchat,False,None,"RT @debecca: @abcdiagnosis @bccww Hosting a chat tonight 9-10pm on @EverydayAbleism re people's attitudes to our cancer, hashtag #cancercha…",105,6.8300557,"High Wycombe, Buckinghamshire",2,2,False,None,The only way is up!,debecca~abcdiagnosis~bccww~EverydayAbleism,http://twitter.com/rachelmanning11,True,None,en,4804,06/19/14,http://twitter.com/rachelmanning11/status/479691835347316736,None,None,rachelmanning11,http://twitter.com/rachelmanning11/status/479691835347316736
cancerchat,False,None,RT @hellboy8700: “@debecca: I'm hosting a discussion on people's Attitudes to our Cancer on @EverydayAbleism tonight 9-10pm. Use hashtag #c…,411,7.099613,Here & Now,1,8,False,None,"Family, friends & the little things, battered round the edges but still here. My views my own & yours? Well, yours even if I RT
Follow @bccww #bccww",debecca~EverydayAbleism~bccww,http://twitter.com/rachelmanning11,False,None,en,13464,06/19/14,http://twitter.com/hellboy8700/status/479690013513629696,None,None,rachelmanning11,http://twitter.com/rachelmanning11/status/479692101274591232
cancerchat,False,None,"RT @debecca: @abcdiagnosis @bccww Hosting a chat tonight 9-10pm on @EverydayAbleism re people's attitudes to our cancer, hashtag #cancercha…",3331,6.8300557,"Diggle, Saddleworth",2,92,False,3600,"Breast cancer '07 & '14 & creator of After Breast Cancer Diagnosis web site for info on reconstructions, surgeons, hospitals, cancer networks, diet & exercise..",debecca~abcdiagnosis~bccww~EverydayAbleism,http://twitter.com/abcdiagnosis,False,None,en,8684,06/19/14,http://twitter.com/abcdiagnosis/status/479700165700648961,London,None,abcdiagnosis,http://twitter.com/abcdiagnosis/status/479700165700648961
cancerchat,False,None,"#cancerchat 9-10pm ""@abcdiagnosis:  @bccww @EverydayAbleism just having tea and off to a meeting at 8pm... I'm late, I'll try to drop in! X""",1096,7.251827,"Lancaster, UK",0,25,False,3600,"Bipolar Disorder & BRCA1 Breast Cancer...  Prolific, rarely funny and frequently mathematical.",abcdiagnosis~bccww~EverydayAbleism,http://twitter.com/debecca,False,None,en,9341,06/19/14,http://twitter.com/debecca/status/479700657285656577,London,None,debecca,http://twitter.com/debecca/status/479700657285656577
cancerchat,False,None,@debecca signing in. Will be hosting a guest chat on people's Attitudes to Cancer 9-10pm tonight #cancerchat,4599,11.56531,United Kingdom,3,107,False,0,"Open discussion about all aspects of disability, illness, and mental health. TW: Mental health/ED. Admins: @halfabear, @IslaBoag and @SciPhiKat",debecca,http://twitter.com/everydayableism,False,None,en,4147,06/19/14,http://twitter.com/everydayableism/status/479709032811618305,Casablanca,None,everydayableism,http://twitter.com/EverydayAbleism/status/479709032811618305
cancerchat,False,None,RT @EverydayAbleism: @debecca signing in. Will be hosting a guest chat on people's Attitudes to Cancer 9-10pm tonight #cancerchat,1821,10.311141,England,3,50,False,3600,#OI #geek #Phile #Oncer #Whovian #Tribute #Slayer #grenade. Volunteer @bdcmuseum. #PhD @UniofExeter; #ageing #women #fairytale #film. Co-admin @EverydayAbleism,EverydayAbleism~debecca,http://twitter.com/sciphikat,True,None,en,2022,06/19/14,http://twitter.com/sciphikat/status/479709752344449025,London,None,sciphikat,http://twitter.com/SciPhiKat/status/479709752344449025
cancerchat,False,None,RT @EverydayAbleism: @debecca signing in. Will be hosting a guest chat on people's Attitudes to Cancer 9-10pm tonight #cancerchat,1096,7.1380115,"Lancaster, UK",3,25,False,3600,"Bipolar Disorder & BRCA1 Breast Cancer...  Prolific, rarely funny and frequently mathematical.",EverydayAbleism~debecca,http://twitter.com/debecca,False,None,en,9341,06/19/14,http://twitter.com/debecca/status/479711096430157824,London,None,debecca,http://twitter.com/debecca/status/479711096430157824
cancerchat~breastcancer,False,None,"Welcome to #cancerchat. I'm @debecca, I have Bipolar Disorder &amp; was diagnosed with #breastcancer at 32. Will be hosting tonight 9-10pm.",4599,11.100907,United Kingdom,1,107,False,0,"Open discussion about all aspects of disability, illness, and mental health. TW: Mental health/ED. Admins: @halfabear, @IslaBoag and @SciPhiKat",debecca,http://twitter.com/everydayableism,False,None,en,4147,06/19/14,http://twitter.com/everydayableism/status/479715248128425985,Casablanca,None,everydayableism,http://twitter.com/EverydayAbleism/status/479715248128425985
cancerchat,False,None,First question - how did friends / family react to your cancer diagnosis? Did they treat you differently? #cancerchat,4599,11.538875,United Kingdom,2,107,False,0,"Open discussion about all aspects of disability, illness, and mental health. TW: Mental health/ED. Admins: @halfabear, @IslaBoag and @SciPhiKat",,http://twitter.com/everydayableism,False,None,en,4147,06/19/14,http://twitter.com/everydayableism/status/479715564693499905,Casablanca,None,everydayableism,http://twitter.com/EverydayAbleism/status/479715564693499905
cancerchat,False,None,RT @EverydayAbleism: First question - how did friends / family react to your cancer diagnosis? Did they treat you differently? #cancerchat,1096,7.1167464,"Lancaster, UK",2,25,False,3600,"Bipolar Disorder & BRCA1 Breast Cancer...  Prolific, rarely funny and frequently mathematical.",EverydayAbleism,http://twitter.com/debecca,False,None,en,9341,06/19/14,http://twitter.com/debecca/status/479715735963717632,London,None,debecca,http://twitter.com/debecca/status/479715735963717632
cancerchat,False,None,My experience is that friends rallied at cancer diagnosis (much more so than with Bipolar!) but only true friends saw it through #cancerchat,4599,12.202293,United Kingdom,2,107,False,0,"Open discussion about all aspects of disability, illness, and mental health. TW: Mental health/ED. Admins: @halfabear, @IslaBoag and @SciPhiKat",,http://twitter.com/everydayableism,False,None,en,4147,06/19/14,http://twitter.com/everydayableism/status/479716554515681282,Casablanca,None,everydayableism,http://twitter.com/EverydayAbleism/status/479716554515681282
cancerchat,False,None,@EverydayAbleism the road and didn't even speak to me #cancerchat,3331,12.33133,"Diggle, Saddleworth",2,92,False,3600,"Breast cancer '07 & '14 & creator of After Breast Cancer Diagnosis web site for info on reconstructions, surgeons, hospitals, cancer networks, diet & exercise..",EverydayAbleism,http://twitter.com/abcdiagnosis,False,None,en,8684,06/19/14,http://twitter.com/abcdiagnosis/status/479717477975609344,London,None,abcdiagnosis,http://twitter.com/abcdiagnosis/status/479717477975609344
cancerchat,False,None,"@EverydayAbleism yes some treated me different, some haven't - some fell by the wayside &amp; didn't gv a monkeys! Some crossed ovr #cancerchat",3331,11.63939,"Diggle, Saddleworth",2,92,False,3600,"Breast cancer '07 & '14 & creator of After Breast Cancer Diagnosis web site for info on reconstructions, surgeons, hospitals, cancer networks, diet & exercise..",EverydayAbleism,http://twitter.com/abcdiagnosis,False,None,en,8684,06/19/14,http://twitter.com/abcdiagnosis/status/479717814434287617,London,None,abcdiagnosis,http://twitter.com/abcdiagnosis/status/479717814434287617
cancerchat,False,None,RT @EverydayAbleism: My experience is that friends rallied at cancer diagnosis (much more so than with Bipolar!) but only true friends saw …,3331,7.687844,"Diggle, Saddleworth",2,92,False,3600,"Breast cancer '07 & '14 & creator of After Breast Cancer Diagnosis web site for info on reconstructions, surgeons, hospitals, cancer networks, diet & exercise..",EverydayAbleism,http://twitter.com/abcdiagnosis,False,None,en,8684,06/19/14,http://twitter.com/abcdiagnosis/status/479717901524799488,London,None,abcdiagnosis,http://twitter.com/abcdiagnosis/status/479717901524799488
cancerchat~breastcancer,False,None,"RT @EverydayAbleism: Welcome to #cancerchat. I'm @debecca, I have Bipolar Disorder &amp; was diagnosed with #breastcancer at 32. Will be hostin…",1821,10.23877,England,1,50,False,3600,#OI #geek #Phile #Oncer #Whovian #Tribute #Slayer #grenade. Volunteer @bdcmuseum. #PhD @UniofExeter; #ageing #women #fairytale #film. Co-admin @EverydayAbleism,EverydayAbleism~debecca,http://twitter.com/sciphikat,True,None,en,2022,06/19/14,http://twitter.com/sciphikat/status/479718020773081089,London,None,sciphikat,http://twitter.com/SciPhiKat/status/479718020773081089
cancerchat,False,None,"@EverydayAbleism absolutely, I totally agree. I have one friend who texted me every day without fail and it made a difference #cancerchat",3331,12.001074,"Diggle, Saddleworth",2,92,False,3600,"Breast cancer '07 & '14 & creator of After Breast Cancer Diagnosis web site for info on reconstructions, surgeons, hospitals, cancer networks, diet & exercise..",EverydayAbleism,http://twitter.com/abcdiagnosis,False,None,en,8684,06/19/14,http://twitter.com/abcdiagnosis/status/479718051269865472,London,None,abcdiagnosis,http://twitter.com/abcdiagnosis/status/479718051269865472
cancerchat,False,None,RT @EverydayAbleism: First question - how did friends / family react to your cancer diagnosis? Did they treat you differently? #cancerchat,1821,10.289876,England,2,50,False,3600,#OI #geek #Phile #Oncer #Whovian #Tribute #Slayer #grenade. Volunteer @bdcmuseum. #PhD @UniofExeter; #ageing #women #fairytale #film. Co-admin @EverydayAbleism,EverydayAbleism,http://twitter.com/sciphikat,True,None,en,2022,06/19/14,http://twitter.com/sciphikat/status/479718052406513666,London,None,sciphikat,http://twitter.com/SciPhiKat/status/479718052406513666
cancerchat,False,None,RT @EverydayAbleism: My experience is that friends rallied at cancer diagnosis (much more so than with Bipolar!) but only true friends saw …,1821,10.860973,England,2,50,False,3600,#OI #geek #Phile #Oncer #Whovian #Tribute #Slayer #grenade. Volunteer @bdcmuseum. #PhD @UniofExeter; #ageing #women #fairytale #film. Co-admin @EverydayAbleism,EverydayAbleism,http://twitter.com/sciphikat,True,None,en,2022,06/19/14,http://twitter.com/sciphikat/status/479718075542302720,London,None,sciphikat,http://twitter.com/SciPhiKat/status/479718075542302720
cancerchat,False,None,"RT @abcdiagnosis: @EverydayAbleism yes some treated me different, some haven't - some fell by the wayside &amp; didn't gv a monkeys! Some cross…",4599,7.115535,United Kingdom,2,107,False,0,"Open discussion about all aspects of disability, illness, and mental health. TW: Mental health/ED. Admins: @halfabear, @IslaBoag and @SciPhiKat",abcdiagnosis~EverydayAbleism,http://twitter.com/everydayableism,False,None,en,4147,06/19/14,http://twitter.com/everydayableism/status/479718260733411328,Casablanca,None,everydayableism,http://twitter.com/EverydayAbleism/status/479718260733411328
cancerchat,False,None,RT @abcdiagnosis: @EverydayAbleism the road and didn't even speak to me #cancerchat,4599,7.8331857,United Kingdom,2,107,False,0,"Open discussion about all aspects of disability, illness, and mental health. TW: Mental health/ED. Admins: @halfabear, @IslaBoag and @SciPhiKat",abcdiagnosis~EverydayAbleism,http://twitter.com/everydayableism,False,None,en,4147,06/19/14,http://twitter.com/everydayableism/status/479718272213200896,Casablanca,None,everydayableism,http://twitter.com/EverydayAbleism/status/479718272213200896
cancerchat,False,None,"RT @abcdiagnosis: @EverydayAbleism yes some treated me different, some haven't - some fell by the wayside &amp; didn't gv a monkeys! Some cross…",1821,10.288665,England,2,50,False,3600,#OI #geek #Phile #Oncer #Whovian #Tribute #Slayer #grenade. Volunteer @bdcmuseum. #PhD @UniofExeter; #ageing #women #fairytale #film. Co-admin @EverydayAbleism,abcdiagnosis~EverydayAbleism,http://twitter.com/sciphikat,True,None,en,2022,06/19/14,http://twitter.com/sciphikat/status/479718302848393216,London,None,sciphikat,http://twitter.com/SciPhiKat/status/479718302848393216
cancerchat,False,None,RT @abcdiagnosis: @EverydayAbleism the road and didn't even speak to me #cancerchat,1821,11.006315,England,2,50,False,3600,#OI #geek #Phile #Oncer #Whovian #Tribute #Slayer #grenade. Volunteer @bdcmuseum. #PhD @UniofExeter; #ageing #women #fairytale #film. Co-admin @EverydayAbleism,abcdiagnosis~EverydayAbleism,http://twitter.com/sciphikat,True,None,en,2022,06/19/14,http://twitter.com/sciphikat/status/479718314961563648,London,None,sciphikat,http://twitter.com/SciPhiKat/status/479718314961563648
breastcancer~cancerchat,False,None,.@EverydayAbleism I must say that having secondary #breastcancer is like having a second child.. Some just aren't bothered! #cancerchat,3331,8.945371,"Diggle, Saddleworth",2,92,False,3600,"Breast cancer '07 & '14 & creator of After Breast Cancer Diagnosis web site for info on reconstructions, surgeons, hospitals, cancer networks, diet & exercise..",EverydayAbleism,http://twitter.com/abcdiagnosis,False,None,en,8684,06/19/14,http://twitter.com/abcdiagnosis/status/479718317008371713,London,None,abcdiagnosis,http://twitter.com/abcdiagnosis/status/479718317008371713
cancerchat,False,None,"RT @abcdiagnosis: @EverydayAbleism absolutely, I totally agree. I have one friend who texted me every day without fail and it made a differ…",4599,7.5434155,United Kingdom,2,107,False,0,"Open discussion about all aspects of disability, illness, and mental health. TW: Mental health/ED. Admins: @halfabear, @IslaBoag and @SciPhiKat",abcdiagnosis~EverydayAbleism,http://twitter.com/everydayableism,False,None,en,4147,06/19/14,http://twitter.com/everydayableism/status/479718343336005632,Casablanca,None,everydayableism,http://twitter.com/EverydayAbleism/status/479718343336005632
breastcancer~cancerchat,False,None,.@debecca @EverydayAbleism I have found that with secondary #breastcancer that most are totally uneducated and don't understand #cancerchat,3331,8.388831,"Diggle, Saddleworth",1,92,False,3600,"Breast cancer '07 & '14 & creator of After Breast Cancer Diagnosis web site for info on reconstructions, surgeons, hospitals, cancer networks, diet & exercise..",debecca~EverydayAbleism,http://twitter.com/abcdiagnosis,False,None,en,8684,06/19/14,http://twitter.com/abcdiagnosis/status/479718622018150400,London,None,abcdiagnosis,http://twitter.com/abcdiagnosis/status/479718622018150400
cancerchat,False,None,"@abcdiagnosis Yes, I went through treatment with no partner/family &amp; those friends who took me in and cared for me saved my life #cancerchat",4599,11.793354,United Kingdom,2,107,False,0,"Open discussion about all aspects of disability, illness, and mental health. TW: Mental health/ED. Admins: @halfabear, @IslaBoag and @SciPhiKat",abcdiagnosis,http://twitter.com/everydayableism,False,None,en,4147,06/19/14,http://twitter.com/everydayableism/status/479718654188474368,Casablanca,None,everydayableism,http://twitter.com/EverydayAbleism/status/479718654188474368
breastcancer~bcmets~mbcaware~cancerchat,False,None,.@debecca @EverydayAbleism what it means ie treatable but not curable #breastcancer #bcmets #mbcaware #cancerchat,3331,6.9400516,"Diggle, Saddleworth",0,92,False,3600,"Breast cancer '07 & '14 & creator of After Breast Cancer Diagnosis web site for info on reconstructions, surgeons, hospitals, cancer networks, diet & exercise..",debecca~EverydayAbleism,http://twitter.com/abcdiagnosis,False,None,en,8684,06/19/14,http://twitter.com/abcdiagnosis/status/479718837064314880,London,None,abcdiagnosis,http://twitter.com/abcdiagnosis/status/479718837064314880
cancerchat,False,None,"RT @EverydayAbleism: @abcdiagnosis Yes, I went through treatment with no partner/family &amp; those friends who took me in and cared for me sav…",3331,7.348674,"Diggle, Saddleworth",2,92,False,3600,"Breast cancer '07 & '14 & creator of After Breast Cancer Diagnosis web site for info on reconstructions, surgeons, hospitals, cancer networks, diet & exercise..",EverydayAbleism~abcdiagnosis,http://twitter.com/abcdiagnosis,False,None,en,8684,06/19/14,http://twitter.com/abcdiagnosis/status/479718877681954817,London,None,abcdiagnosis,http://twitter.com/abcdiagnosis/status/479718877681954817
cancerchat,False,None,"RT @abcdiagnosis: @EverydayAbleism absolutely, I totally agree. I have one friend who texted me every day without fail and it made a differ…",1821,10.716545,England,2,50,False,3600,#OI #geek #Phile #Oncer #Whovian #Tribute #Slayer #grenade. Volunteer @bdcmuseum. #PhD @UniofExeter; #ageing #women #fairytale #film. Co-admin @EverydayAbleism,abcdiagnosis~EverydayAbleism,http://twitter.com/sciphikat,True,None,en,2022,06/19/14,http://twitter.com/sciphikat/status/479718885999276032,London,None,sciphikat,http://twitter.com/SciPhiKat/status/479718885999276032
cancerchat,False,None,"RT @EverydayAbleism: @abcdiagnosis Yes, I went through treatment with no partner/family &amp; those friends who took me in and cared for me sav…",1821,10.521804,England,2,50,False,3600,#OI #geek #Phile #Oncer #Whovian #Tribute #Slayer #grenade. Volunteer @bdcmuseum. #PhD @UniofExeter; #ageing #women #fairytale #film. Co-admin @EverydayAbleism,EverydayAbleism~abcdiagnosis,http://twitter.com/sciphikat,True,None,en,2022,06/19/14,http://twitter.com/sciphikat/status/479718895746830336,London,None,sciphikat,http://twitter.com/SciPhiKat/status/479718895746830336
cancerchat,False,None,".@EverydayAbleism aww absolutely, I totally understand that.. Husbands family were and are none existent #cancerchat",3331,7.8938756,"Diggle, Saddleworth",0,92,False,3600,"Breast cancer '07 & '14 & creator of After Breast Cancer Diagnosis web site for info on reconstructions, surgeons, hospitals, cancer networks, diet & exercise..",EverydayAbleism,http://twitter.com/abcdiagnosis,False,None,en,8684,06/19/14,http://twitter.com/abcdiagnosis/status/479719009756385280,London,None,abcdiagnosis,http://twitter.com/abcdiagnosis/status/479719009756385280
cancerchat,False,None,.@EverydayAbleism it's the ones you don't expect to do stuff who do and shocked by the ones that don't give support! #cancerchat,3331,8.018255,"Diggle, Saddleworth",0,92,False,3600,"Breast cancer '07 & '14 & creator of After Breast Cancer Diagnosis web site for info on reconstructions, surgeons, hospitals, cancer networks, diet & exercise..",EverydayAbleism,http://twitter.com/abcdiagnosis,False,None,en,8684,06/19/14,http://twitter.com/abcdiagnosis/status/479719168837976065,London,None,abcdiagnosis,http://twitter.com/abcdiagnosis/status/479719168837976065
cancerchat,False,None,"@EverydayAbleism I've found with the charity bike ride I'm doing, I'm surprised to find people who I thought didn't even like me #cancerchat",3331,7.9420824,"Diggle, Saddleworth",0,92,False,3600,"Breast cancer '07 & '14 & creator of After Breast Cancer Diagnosis web site for info on reconstructions, surgeons, hospitals, cancer networks, diet & exercise..",EverydayAbleism,http://twitter.com/abcdiagnosis,False,None,en,8684,06/19/14,http://twitter.com/abcdiagnosis/status/479719468470661120,London,None,abcdiagnosis,http://twitter.com/abcdiagnosis/status/479719468470661120
cancerchat,False,None,.@EverydayAbleism have sponsored me and that's quite a surprise! It's changed my perception of people for sure #cancerchat,3331,7.681119,"Diggle, Saddleworth",0,92,False,3600,"Breast cancer '07 & '14 & creator of After Breast Cancer Diagnosis web site for info on reconstructions, surgeons, hospitals, cancer networks, diet & exercise..",EverydayAbleism,http://twitter.com/abcdiagnosis,False,None,en,8684,06/19/14,http://twitter.com/abcdiagnosis/status/479719654991351808,London,None,abcdiagnosis,http://twitter.com/abcdiagnosis/status/479719654991351808
breastcancer~cancerchat,False,None,RT @abcdiagnosis: .@EverydayAbleism I must say that having secondary #breastcancer is like having a second child.. Some just aren't bothere…,4599,7.4747686,United Kingdom,2,107,False,0,"Open discussion about all aspects of disability, illness, and mental health. TW: Mental health/ED. Admins: @halfabear, @IslaBoag and @SciPhiKat",abcdiagnosis~EverydayAbleism,http://twitter.com/everydayableism,False,None,en,4147,06/19/14,http://twitter.com/everydayableism/status/479721202496589824,Casablanca,None,everydayableism,http://twitter.com/EverydayAbleism/status/479721202496589824
breastcancer~cancerchat,False,None,RT @abcdiagnosis: .@debecca @EverydayAbleism I have found that with secondary #breastcancer that most are totally uneducated and don't unde…,4599,7.32212,United Kingdom,1,107,False,0,"Open discussion about all aspects of disability, illness, and mental health. TW: Mental health/ED. Admins: @halfabear, @IslaBoag and @SciPhiKat",abcdiagnosis~debecca~EverydayAbleism,http://twitter.com/everydayableism,False,None,en,4147,06/19/14,http://twitter.com/everydayableism/status/479721370897899521,Casablanca,None,everydayableism,http://twitter.com/EverydayAbleism/status/479721370897899521
cancerchat,False,None,"Speaking of reactions, what's the worst you had? Mine? 

""Dad, I've got cancer!""
""I DON'T NEED THIS RIGHT NOW!""

Er, nor do I?! #cancerchat",4599,12.095736,United Kingdom,5,107,False,0,"Open discussion about all aspects of disability, illness, and mental health. TW: Mental health/ED. Admins: @halfabear, @IslaBoag and @SciPhiKat",,http://twitter.com/everydayableism,False,None,en,4147,06/19/14,http://twitter.com/everydayableism/status/479721388937588737,Casablanca,None,everydayableism,http://twitter.com/EverydayAbleism/status/479721388937588737
cancerchat,False,None,@EverydayAbleism thank god for friends!! And thanks for people who understand x #cancerchat,3331,12.098651,"Diggle, Saddleworth",3,92,False,3600,"Breast cancer '07 & '14 & creator of After Breast Cancer Diagnosis web site for info on reconstructions, surgeons, hospitals, cancer networks, diet & exercise..",EverydayAbleism,http://twitter.com/abcdiagnosis,False,None,en,8684,06/19/14,http://twitter.com/abcdiagnosis/status/479721619041296385,London,None,abcdiagnosis,http://twitter.com/abcdiagnosis/status/479721619041296385
cancerchat,False,None,"RT @EverydayAbleism: Speaking of reactions, what's the worst you had? Mine? 

""Dad, I've got cancer!""
""I DON'T NEED THIS RIGHT NOW!""

Er, n…",3331,7.057619,"Diggle, Saddleworth",5,92,False,3600,"Breast cancer '07 & '14 & creator of After Breast Cancer Diagnosis web site for info on reconstructions, surgeons, hospitals, cancer networks, diet & exercise..",EverydayAbleism,http://twitter.com/abcdiagnosis,False,None,en,8684,06/19/14,http://twitter.com/abcdiagnosis/status/479721660577505280,London,None,abcdiagnosis,http://twitter.com/abcdiagnosis/status/479721660577505280
cancerchat,False,None,RT @abcdiagnosis: @EverydayAbleism thank god for friends!! And thanks for people who understand x #cancerchat,4599,7.6047163,United Kingdom,3,107,False,0,"Open discussion about all aspects of disability, illness, and mental health. TW: Mental health/ED. Admins: @halfabear, @IslaBoag and @SciPhiKat",abcdiagnosis~EverydayAbleism,http://twitter.com/everydayableism,False,None,en,4147,06/19/14,http://twitter.com/everydayableism/status/479721805079658496,Casablanca,None,everydayableism,http://twitter.com/EverydayAbleism/status/479721805079658496
cancerchat,False,None,"So, what was the strangest reaction you had to an external indicator of your cancer, for example bald head or Hickman line? #cancerchat",4599,12.037858,United Kingdom,5,107,False,0,"Open discussion about all aspects of disability, illness, and mental health. TW: Mental health/ED. Admins: @halfabear, @IslaBoag and @SciPhiKat",,http://twitter.com/everydayableism,False,None,en,4147,06/19/14,http://twitter.com/everydayableism/status/479722088555884545,Casablanca,None,everydayableism,http://twitter.com/EverydayAbleism/status/479722088555884545
cancerchat,False,None,.@EverydayAbleism no way!!! That's awful! I can't say I've had a reaction like that.. #cancerchat,3331,8.135199,"Diggle, Saddleworth",0,92,False,3600,"Breast cancer '07 & '14 & creator of After Breast Cancer Diagnosis web site for info on reconstructions, surgeons, hospitals, cancer networks, diet & exercise..",EverydayAbleism,http://twitter.com/abcdiagnosis,False,None,en,8684,06/19/14,http://twitter.com/abcdiagnosis/status/479722094348214274,London,None,abcdiagnosis,http://twitter.com/abcdiagnosis/status/479722094348214274
cancerchat,False,None,"RT @EverydayAbleism: So, what was the strangest reaction you had to an external indicator of your cancer, for example bald head or Hickman …",3331,7.313204,"Diggle, Saddleworth",5,92,False,3600,"Breast cancer '07 & '14 & creator of After Breast Cancer Diagnosis web site for info on reconstructions, surgeons, hospitals, cancer networks, diet & exercise..",EverydayAbleism,http://twitter.com/abcdiagnosis,False,None,en,8684,06/19/14,http://twitter.com/abcdiagnosis/status/479722391170727936,London,None,abcdiagnosis,http://twitter.com/abcdiagnosis/status/479722391170727936
cancerchat,False,None,@EverydayAbleism ah.. Well recently I had my portacath accessed by a nurse in phlebotomy and I told her I didn't like it as it #cancerchat,3331,7.4586854,"Diggle, Saddleworth",0,92,False,3600,"Breast cancer '07 & '14 & creator of After Breast Cancer Diagnosis web site for info on reconstructions, surgeons, hospitals, cancer networks, diet & exercise..",EverydayAbleism,http://twitter.com/abcdiagnosis,False,None,en,8684,06/19/14,http://twitter.com/abcdiagnosis/status/479722698566676480,London,None,abcdiagnosis,http://twitter.com/abcdiagnosis/status/479722698566676480
cancerchat,False,None,"I hated total strangers coming up to me on a rare night out saying, ""You're such an inspiration!"" because I had a bald head #cancerchat",4599,12.635366,United Kingdom,5,107,False,0,"Open discussion about all aspects of disability, illness, and mental health. TW: Mental health/ED. Admins: @halfabear, @IslaBoag and @SciPhiKat",,http://twitter.com/everydayableism,False,None,en,4147,06/19/14,http://twitter.com/everydayableism/status/479722756305874945,Casablanca,None,everydayableism,http://twitter.com/EverydayAbleism/status/479722756305874945
cancerchat,False,None,@EverydayAbleism was a lump and she said that I could always tell people it's just a boil?! Hmm... Er no #cancerchat,3331,7.653416,"Diggle, Saddleworth",0,92,False,3600,"Breast cancer '07 & '14 & creator of After Breast Cancer Diagnosis web site for info on reconstructions, surgeons, hospitals, cancer networks, diet & exercise..",EverydayAbleism,http://twitter.com/abcdiagnosis,False,None,en,8684,06/19/14,http://twitter.com/abcdiagnosis/status/479722889114288128,London,None,abcdiagnosis,http://twitter.com/abcdiagnosis/status/479722889114288128
cancerchat,False,None,"RT @EverydayAbleism: I hated total strangers coming up to me on a rare night out saying, ""You're such an inspiration!"" because I had a bald…",3331,7.640886,"Diggle, Saddleworth",5,92,False,3600,"Breast cancer '07 & '14 & creator of After Breast Cancer Diagnosis web site for info on reconstructions, surgeons, hospitals, cancer networks, diet & exercise..",EverydayAbleism,http://twitter.com/abcdiagnosis,False,None,en,8684,06/19/14,http://twitter.com/abcdiagnosis/status/479722987026124800,London,None,abcdiagnosis,http://twitter.com/abcdiagnosis/status/479722987026124800
cancerchat,False,None,"RT @EverydayAbleism: So, what was the strangest reaction you had to an external indicator of your cancer, for example bald head or Hickman …",1096,7.313204,"Lancaster, UK",5,25,False,3600,"Bipolar Disorder & BRCA1 Breast Cancer...  Prolific, rarely funny and frequently mathematical.",EverydayAbleism,http://twitter.com/debecca,False,None,en,9341,06/19/14,http://twitter.com/debecca/status/479723061806370818,London,None,debecca,http://twitter.com/debecca/status/479723061806370818
cancerchat,False,None,"RT @EverydayAbleism: I hated total strangers coming up to me on a rare night out saying, ""You're such an inspiration!"" because I had a bald…",1096,7.640886,"Lancaster, UK",5,25,False,3600,"Bipolar Disorder & BRCA1 Breast Cancer...  Prolific, rarely funny and frequently mathematical.",EverydayAbleism,http://twitter.com/debecca,False,None,en,9341,06/19/14,http://twitter.com/debecca/status/479723087181914112,London,None,debecca,http://twitter.com/debecca/status/479723087181914112
cancerchat,False,None,"@EverydayAbleism oh that's cringeworthy... Don't really like being called, inspiration, brave or anything like that as you HAVE #cancerchat",3331,12.530128,"Diggle, Saddleworth",4,92,False,3600,"Breast cancer '07 & '14 & creator of After Breast Cancer Diagnosis web site for info on reconstructions, surgeons, hospitals, cancer networks, diet & exercise..",EverydayAbleism,http://twitter.com/abcdiagnosis,False,None,en,8684,06/19/14,http://twitter.com/abcdiagnosis/status/479723161945395200,London,None,abcdiagnosis,http://twitter.com/abcdiagnosis/status/479723161945395200
cancerchat,False,None,@EverydayAbleism to get on with it... No choice #cancerchat,3331,12.635292,"Diggle, Saddleworth",3,92,False,3600,"Breast cancer '07 & '14 & creator of After Breast Cancer Diagnosis web site for info on reconstructions, surgeons, hospitals, cancer networks, diet & exercise..",EverydayAbleism,http://twitter.com/abcdiagnosis,False,None,en,8684,06/19/14,http://twitter.com/abcdiagnosis/status/479723225942073344,London,None,abcdiagnosis,http://twitter.com/abcdiagnosis/status/479723225942073344
cancerchat,False,None,"RT @EverydayAbleism: Speaking of reactions, what's the worst you had? Mine? 

""Dad, I've got cancer!""
""I DON'T NEED THIS RIGHT NOW!""

Er, n…",1096,7.057619,"Lancaster, UK",5,25,False,3600,"Bipolar Disorder & BRCA1 Breast Cancer...  Prolific, rarely funny and frequently mathematical.",EverydayAbleism,http://twitter.com/debecca,False,None,en,9341,06/19/14,http://twitter.com/debecca/status/479723271114731520,London,None,debecca,http://twitter.com/debecca/status/479723271114731520
breastcancer~cancerchat,False,None,RT @abcdiagnosis: .@EverydayAbleism I must say that having secondary #breastcancer is like having a second child.. Some just aren't bothere…,1096,7.4747686,"Lancaster, UK",2,25,False,3600,"Bipolar Disorder & BRCA1 Breast Cancer...  Prolific, rarely funny and frequently mathematical.",abcdiagnosis~EverydayAbleism,http://twitter.com/debecca,False,None,en,9341,06/19/14,http://twitter.com/debecca/status/479723274893807616,London,None,debecca,http://twitter.com/debecca/status/479723274893807616
cancerchat,False,None,"RT @abcdiagnosis: @EverydayAbleism oh that's cringeworthy... Don't really like being called, inspiration, brave or anything like that as yo…",4599,7.5418744,United Kingdom,4,107,False,0,"Open discussion about all aspects of disability, illness, and mental health. TW: Mental health/ED. Admins: @halfabear, @IslaBoag and @SciPhiKat",abcdiagnosis~EverydayAbleism,http://twitter.com/everydayableism,False,None,en,4147,06/19/14,http://twitter.com/everydayableism/status/479723512631136256,Casablanca,None,everydayableism,http://twitter.com/EverydayAbleism/status/479723512631136256
cancerchat,False,None,RT @abcdiagnosis: @EverydayAbleism to get on with it... No choice #cancerchat,4599,7.8302965,United Kingdom,3,107,False,0,"Open discussion about all aspects of disability, illness, and mental health. TW: Mental health/ED. Admins: @halfabear, @IslaBoag and @SciPhiKat",abcdiagnosis~EverydayAbleism,http://twitter.com/everydayableism,False,None,en,4147,06/19/14,http://twitter.com/everydayableism/status/479723655484936192,Casablanca,None,everydayableism,http://twitter.com/EverydayAbleism/status/479723655484936192
cancerchat,False,None,"RT @hellboy8700: #cancerchat the side head tilt, faint smile, aren't you brave look, was common.",411,12.589073,Here & Now,4,8,False,None,"Family, friends & the little things, battered round the edges but still here. My views my own & yours? Well, yours even if I RT
Follow @bccww #bccww",,http://twitter.com/abcdiagnosis,False,None,en,13464,06/19/14,http://twitter.com/hellboy8700/status/479724535760306176,None,None,abcdiagnosis,http://twitter.com/abcdiagnosis/status/479724665905373184
cancerchat,False,None,".@hellboy8700 you've just reminded me my ENT surgeon, when I told him they found cancer in lymph nodes 'oh dear, dear, dear' #cancerchat",3331,7.5440187,"Diggle, Saddleworth",0,92,False,3600,"Breast cancer '07 & '14 & creator of After Breast Cancer Diagnosis web site for info on reconstructions, surgeons, hospitals, cancer networks, diet & exercise..",hellboy8700,http://twitter.com/abcdiagnosis,False,None,en,8684,06/19/14,http://twitter.com/abcdiagnosis/status/479725047368937472,London,None,abcdiagnosis,http://twitter.com/abcdiagnosis/status/479725047368937472
cancerchat,False,None,Last qu (as I think everyone is watching the football!)... Did having cancer make you view disability differently in general? #cancerchat,4599,11.923227,United Kingdom,2,107,False,0,"Open discussion about all aspects of disability, illness, and mental health. TW: Mental health/ED. Admins: @halfabear, @IslaBoag and @SciPhiKat",,http://twitter.com/everydayableism,False,None,en,4147,06/19/14,http://twitter.com/everydayableism/status/479725958589857792,Casablanca,None,everydayableism,http://twitter.com/EverydayAbleism/status/479725958589857792
cancerchat,False,None,RT @EverydayAbleism: Last qu (as I think everyone is watching the football!)... Did having cancer make you view disability differently in g…,1096,7.4393826,"Lancaster, UK",2,25,False,3600,"Bipolar Disorder & BRCA1 Breast Cancer...  Prolific, rarely funny and frequently mathematical.",EverydayAbleism,http://twitter.com/debecca,False,None,en,9341,06/19/14,http://twitter.com/debecca/status/479726098113396736,London,None,debecca,http://twitter.com/debecca/status/479726098113396736
cancerchat,False,None,"People definitely treated my cancer with more respect than my Bipolar Disorder, yet the latter is chronic and more debilitating #cancerchat",4599,13.272809,United Kingdom,9,107,False,0,"Open discussion about all aspects of disability, illness, and mental health. TW: Mental health/ED. Admins: @halfabear, @IslaBoag and @SciPhiKat",,http://twitter.com/everydayableism,False,None,en,4147,06/19/14,http://twitter.com/everydayableism/status/479726751598538754,Casablanca,None,everydayableism,http://twitter.com/EverydayAbleism/status/479726751598538754
cancerchat,False,None,"RT @EverydayAbleism: People definitely treated my cancer with more respect than my Bipolar Disorder, yet the latter is chronic and more deb…",1096,7.404774,"Lancaster, UK",9,25,False,3600,"Bipolar Disorder & BRCA1 Breast Cancer...  Prolific, rarely funny and frequently mathematical.",EverydayAbleism,http://twitter.com/debecca,False,None,en,9341,06/19/14,http://twitter.com/debecca/status/479726962660114433,London,None,debecca,http://twitter.com/debecca/status/479726962660114433
cancerchat,False,None,RT @hellboy8700: #cancerchat my niece was mortified once when she gave me a free sample of shampoo out of her mag. I liked that she was tre…,411,8.494104,Here & Now,1,8,False,None,"Family, friends & the little things, battered round the edges but still here. My views my own & yours? Well, yours even if I RT
Follow @bccww #bccww",,http://twitter.com/abcdiagnosis,False,None,en,13464,06/19/14,http://twitter.com/hellboy8700/status/479726396894613505,None,None,abcdiagnosis,http://twitter.com/abcdiagnosis/status/479727484519591936
cancerchat,False,None,"@EverydayAbleism I guess I don't see myself as anything different, not disable, not even a 'cancer victim' I'm just me #cancerchat",3331,12.329477,"Diggle, Saddleworth",5,92,False,3600,"Breast cancer '07 & '14 & creator of After Breast Cancer Diagnosis web site for info on reconstructions, surgeons, hospitals, cancer networks, diet & exercise..",EverydayAbleism,http://twitter.com/abcdiagnosis,False,None,en,8684,06/19/14,http://twitter.com/abcdiagnosis/status/479727692766789632,London,None,abcdiagnosis,http://twitter.com/abcdiagnosis/status/479727692766789632
cancerchat,False,None,RT @hellboy8700: @EverydayAbleism similar.found more empathy re cancer then my epilepsy. But cancer has made more vocal about my epilepsy #…,411,12.277477,Here & Now,5,8,False,None,"Family, friends & the little things, battered round the edges but still here. My views my own & yours? Well, yours even if I RT
Follow @bccww #bccww",EverydayAbleism,http://twitter.com/everydayableism,False,None,en,13464,06/19/14,http://twitter.com/hellboy8700/status/479727535199387648,None,None,everydayableism,http://twitter.com/EverydayAbleism/status/479727700815659008
cancerchat,False,None,"RT @EverydayAbleism: People definitely treated my cancer with more respect than my Bipolar Disorder, yet the latter is chronic and more deb…",386,7.404774,"East Midland, UK",9,4,False,3600,"Proud 'mum' to 2 bunnies & 8 guinea pigs. Fan of Pink, Epica & Sandi Thom, amongst others. Sufferer of Bipolar, PTSD & GAD.",EverydayAbleism,http://twitter.com/nicsvoice,True,None,en,1046,06/19/14,http://twitter.com/nicsvoice/status/479727739109666817,London,None,nicsvoice,http://twitter.com/NicsVoice/status/479727739109666817
cancerchat,False,None,@EverydayAbleism I know I see people with a wig as 'oh no not another person with cancer' #cancerchat,3331,12.268196,"Diggle, Saddleworth",3,92,False,3600,"Breast cancer '07 & '14 & creator of After Breast Cancer Diagnosis web site for info on reconstructions, surgeons, hospitals, cancer networks, diet & exercise..",EverydayAbleism,http://twitter.com/abcdiagnosis,False,None,en,8684,06/19/14,http://twitter.com/abcdiagnosis/status/479727970689757186,London,None,abcdiagnosis,http://twitter.com/abcdiagnosis/status/479727970689757186
cancerchat,False,None,@hellboy8700 Absolutely! Being treated with respect for cancer means I insist on the same for my Bipolar Disorder now #cancerchat,4599,11.967981,United Kingdom,3,107,False,0,"Open discussion about all aspects of disability, illness, and mental health. TW: Mental health/ED. Admins: @halfabear, @IslaBoag and @SciPhiKat",hellboy8700,http://twitter.com/everydayableism,False,None,en,4147,06/19/14,http://twitter.com/everydayableism/status/479728005800271874,Casablanca,None,everydayableism,http://twitter.com/EverydayAbleism/status/479728005800271874
cancerchat,False,None,"RT @EverydayAbleism: People definitely treated my cancer with more respect than my Bipolar Disorder, yet the latter is chronic and more deb…",3331,7.404774,"Diggle, Saddleworth",9,92,False,3600,"Breast cancer '07 & '14 & creator of After Breast Cancer Diagnosis web site for info on reconstructions, surgeons, hospitals, cancer networks, diet & exercise..",EverydayAbleism,http://twitter.com/abcdiagnosis,False,None,en,8684,06/19/14,http://twitter.com/abcdiagnosis/status/479728102525140992,London,None,abcdiagnosis,http://twitter.com/abcdiagnosis/status/479728102525140992
cancerchat,False,None,@EverydayAbleism yes for sure.. Again it's the education of the problem that is the problem! Lack of understanding #cancerchat,3331,7.896838,"Diggle, Saddleworth",0,92,False,3600,"Breast cancer '07 & '14 & creator of After Breast Cancer Diagnosis web site for info on reconstructions, surgeons, hospitals, cancer networks, diet & exercise..",EverydayAbleism,http://twitter.com/abcdiagnosis,False,None,en,8684,06/19/14,http://twitter.com/abcdiagnosis/status/479728265972948992,London,None,abcdiagnosis,http://twitter.com/abcdiagnosis/status/479728265972948992
cancerchat,False,None,"RT @abcdiagnosis: @EverydayAbleism I guess I don't see myself as anything different, not disable, not even a 'cancer victim' I'm just me #c…",4599,7.581626,United Kingdom,5,107,False,0,"Open discussion about all aspects of disability, illness, and mental health. TW: Mental health/ED. Admins: @halfabear, @IslaBoag and @SciPhiKat",abcdiagnosis~EverydayAbleism,http://twitter.com/everydayableism,False,None,en,4147,06/19/14,http://twitter.com/everydayableism/status/479728311267258368,Casablanca,None,everydayableism,http://twitter.com/EverydayAbleism/status/479728311267258368
cancerchat,False,None,RT @hellboy8700: @EverydayAbleism similar.found more empathy re cancer then my epilepsy. But cancer has made more vocal about my epilepsy #…,3331,7.3569226,"Diggle, Saddleworth",5,92,False,3600,"Breast cancer '07 & '14 & creator of After Breast Cancer Diagnosis web site for info on reconstructions, surgeons, hospitals, cancer networks, diet & exercise..",hellboy8700~EverydayAbleism,http://twitter.com/abcdiagnosis,False,None,en,8684,06/19/14,http://twitter.com/abcdiagnosis/status/479728326278672385,London,None,abcdiagnosis,http://twitter.com/abcdiagnosis/status/479728326278672385
cancerchat,False,None,RT @abcdiagnosis: @EverydayAbleism I know I see people with a wig as 'oh no not another person with cancer' #cancerchat,4599,7.8023057,United Kingdom,3,107,False,0,"Open discussion about all aspects of disability, illness, and mental health. TW: Mental health/ED. Admins: @halfabear, @IslaBoag and @SciPhiKat",abcdiagnosis~EverydayAbleism,http://twitter.com/everydayableism,False,None,en,4147,06/19/14,http://twitter.com/everydayableism/status/479728354183364609,Casablanca,None,everydayableism,http://twitter.com/EverydayAbleism/status/479728354183364609
cancerchat,False,None,@hellboy8700 @EverydayAbleism that's positive that it's made you more vocal - again education and understanding #cancerchat,3331,8.319529,"Diggle, Saddleworth",1,92,False,3600,"Breast cancer '07 & '14 & creator of After Breast Cancer Diagnosis web site for info on reconstructions, surgeons, hospitals, cancer networks, diet & exercise..",hellboy8700~EverydayAbleism,http://twitter.com/abcdiagnosis,False,None,en,8684,06/19/14,http://twitter.com/abcdiagnosis/status/479728428258967552,London,None,abcdiagnosis,http://twitter.com/abcdiagnosis/status/479728428258967552
cancerchat,False,None,@abcdiagnosis Yes but you've had cancer! Sadly Joe Bloggs sees a wig / bald head and looks at us with suspicion or pity #cancerchat,4599,11.814688,United Kingdom,2,107,False,0,"Open discussion about all aspects of disability, illness, and mental health. TW: Mental health/ED. Admins: @halfabear, @IslaBoag and @SciPhiKat",abcdiagnosis,http://twitter.com/everydayableism,False,None,en,4147,06/19/14,http://twitter.com/everydayableism/status/479728641895837697,Casablanca,None,everydayableism,http://twitter.com/EverydayAbleism/status/479728641895837697
cancerchat,False,None,RT @hellboy8700: @EverydayAbleism similar.found more empathy re cancer then my epilepsy. But cancer has made more vocal about my epilepsy #…,1662,7.3569226,,5,79,False,-14400,Retweets not necessarily endorsements. Merely a cavalcade of items that piqued my interest & I passed on ICYMI.,hellboy8700~EverydayAbleism,http://twitter.com/netminnow,False,None,en,21226,06/19/14,http://twitter.com/netminnow/status/479728744844640258,Eastern Time (US & Canada),None,netminnow,http://twitter.com/netminnow/status/479728744844640258
cancerchat,False,None,RT @EverydayAbleism: @abcdiagnosis Yes but you've had cancer! Sadly Joe Bloggs sees a wig / bald head and looks at us with suspicion or pit…,3331,7.3327017,"Diggle, Saddleworth",2,92,False,3600,"Breast cancer '07 & '14 & creator of After Breast Cancer Diagnosis web site for info on reconstructions, surgeons, hospitals, cancer networks, diet & exercise..",EverydayAbleism~abcdiagnosis,http://twitter.com/abcdiagnosis,False,None,en,8684,06/19/14,http://twitter.com/abcdiagnosis/status/479729586608308224,London,None,abcdiagnosis,http://twitter.com/abcdiagnosis/status/479729586608308224
cancerchat,False,None,"@EverydayAbleism yes true, you just know that person is and has gone through hell! #cancerchat",3331,8.123224,"Diggle, Saddleworth",0,92,False,3600,"Breast cancer '07 & '14 & creator of After Breast Cancer Diagnosis web site for info on reconstructions, surgeons, hospitals, cancer networks, diet & exercise..",EverydayAbleism,http://twitter.com/abcdiagnosis,False,None,en,8684,06/19/14,http://twitter.com/abcdiagnosis/status/479729734734319616,London,None,abcdiagnosis,http://twitter.com/abcdiagnosis/status/479729734734319616
cancerchat,False,None,"RT @hellboy8700: #cancerchat the side head tilt, faint smile, aren't you brave look, was common.",1096,7.820923,"Lancaster, UK",4,25,False,3600,"Bipolar Disorder & BRCA1 Breast Cancer...  Prolific, rarely funny and frequently mathematical.",hellboy8700,http://twitter.com/debecca,False,None,en,9341,06/19/14,http://twitter.com/debecca/status/479729820205850624,London,None,debecca,http://twitter.com/debecca/status/479729820205850624
cancerchat,False,None,"RT @abcdiagnosis: @EverydayAbleism I guess I don't see myself as anything different, not disable, not even a 'cancer victim' I'm just me #c…",1412,7.581626,,5,33,False,7200,"Lesbian, Gay, Bisexual and Trans Ageing",abcdiagnosis~EverydayAbleism,http://twitter.com/lgbtqageing,False,None,en,792,06/19/14,http://twitter.com/lgbtageing/status/479729937893847040,Amsterdam,None,lgbtqageing,http://twitter.com/LGBTageing/status/479729937893847040
cancerchat,False,None,"RT @hellboy8700: #cancerchat the side head tilt, faint smile, aren't you brave look, was common.",4599,7.820923,United Kingdom,4,107,False,0,"Open discussion about all aspects of disability, illness, and mental health. TW: Mental health/ED. Admins: @halfabear, @IslaBoag and @SciPhiKat",hellboy8700,http://twitter.com/everydayableism,False,None,en,4147,06/19/14,http://twitter.com/everydayableism/status/479730016176312320,Casablanca,None,everydayableism,http://twitter.com/EverydayAbleism/status/479730016176312320
cancerchat,False,None,"OK, this is @debecca signing out. Thanks to all who joined #cancerchat - think we were fighting the football!!! Xxx",4599,11.799157,United Kingdom,2,107,False,0,"Open discussion about all aspects of disability, illness, and mental health. TW: Mental health/ED. Admins: @halfabear, @IslaBoag and @SciPhiKat",debecca,http://twitter.com/everydayableism,False,None,en,4147,06/19/14,http://twitter.com/everydayableism/status/479730369676447744,Casablanca,None,everydayableism,http://twitter.com/EverydayAbleism/status/479730369676447744
cancerchat,False,None,"RT @EverydayAbleism: OK, this is @debecca signing out. Thanks to all who joined #cancerchat - think we were fighting the football!!! Xxx",3331,7.350579,"Diggle, Saddleworth",2,92,False,3600,"Breast cancer '07 & '14 & creator of After Breast Cancer Diagnosis web site for info on reconstructions, surgeons, hospitals, cancer networks, diet & exercise..",EverydayAbleism~debecca,http://twitter.com/abcdiagnosis,False,None,en,8684,06/19/14,http://twitter.com/abcdiagnosis/status/479731159065440256,London,None,abcdiagnosis,http://twitter.com/abcdiagnosis/status/479731159065440256
cancerchat,False,None,@EverydayAbleism @debecca thanks Deb for being a lovely host! #cancerchat :-))),3331,7.7964582,"Diggle, Saddleworth",0,92,False,3600,"Breast cancer '07 & '14 & creator of After Breast Cancer Diagnosis web site for info on reconstructions, surgeons, hospitals, cancer networks, diet & exercise..",EverydayAbleism~debecca,http://twitter.com/abcdiagnosis,False,None,en,8684,06/19/14,http://twitter.com/abcdiagnosis/status/479731326044884992,London,None,abcdiagnosis,http://twitter.com/abcdiagnosis/status/479731326044884992
cancerchat,False,None,"Just before I go... I have grown to loathe:

* inspiration 
* fighter / battler / brave 
* cancer victim
* pinkification

#cancerchat",4599,13.080837,United Kingdom,9,107,False,0,"Open discussion about all aspects of disability, illness, and mental health. TW: Mental health/ED. Admins: @halfabear, @IslaBoag and @SciPhiKat",,http://twitter.com/everydayableism,False,None,en,4147,06/19/14,http://twitter.com/everydayableism/status/479731562364559361,Casablanca,None,everydayableism,http://twitter.com/EverydayAbleism/status/479731562364559361
cancerchat,False,None,"RT @EverydayAbleism: Just before I go... I have grown to loathe:

* inspiration 
* fighter / battler / brave 
* cancer victim
* pinkificati…",934,10.575298,On the Edge of 17,9,34,False,-25200,"Eclectic Twitterer. I like knitting, rum, chocolate. Not necessarily in that order. Mostly I take pictures, shoot film, 35m & medium format. I curse a lot.",EverydayAbleism,http://twitter.com/mitzyg,False,None,en,718,06/19/14,http://twitter.com/mitzyg/status/479731723974885376,Pacific Time (US & Canada),None,mitzyg,http://twitter.com/mitzyg/status/479731723974885376
cancerchat,False,None,"RT @EverydayAbleism: Just before I go... I have grown to loathe:

* inspiration 
* fighter / battler / brave 
* cancer victim
* pinkificati…",1096,7.3406024,"Lancaster, UK",9,25,False,3600,"Bipolar Disorder & BRCA1 Breast Cancer...  Prolific, rarely funny and frequently mathematical.",EverydayAbleism,http://twitter.com/debecca,False,None,en,9341,06/19/14,http://twitter.com/debecca/status/479731736356855809,London,None,debecca,http://twitter.com/debecca/status/479731736356855809
cancerchat,False,None,"RT @EverydayAbleism: People definitely treated my cancer with more respect than my Bipolar Disorder, yet the latter is chronic and more deb…",169,7.404774,Newcastle-upon-Tyne,9,3,False,3600,,EverydayAbleism,http://twitter.com/knittedredpanda,True,None,en,210,06/19/14,http://twitter.com/knittedredpanda/status/479731789398036480,London,None,knittedredpanda,http://twitter.com/KnittedRedPanda/status/479731789398036480
cancerchat,False,None,"RT @EverydayAbleism: Just before I go... I have grown to loathe:

* inspiration 
* fighter / battler / brave 
* cancer victim
* pinkificati…",626,7.3406024,,9,38,False,None,#nurse. scientist. author. instigator. too many degrees. cocktail goddess. overthinker. lit geek politico wonk hardcore #feminist teen #IPV researcher. tired.,EverydayAbleism,http://twitter.com/wyzwomyn,False,None,en,450,06/19/14,http://twitter.com/wyzwomyn/status/479731804145213441,None,None,wyzwomyn,http://twitter.com/wyzwomyn/status/479731804145213441
cancerchat,False,None,@DerekActual Yeah it's an invented word that encompasses the whole breast cancer pink thing &amp; billion dollar pink ribbon swindle #cancerchat,4599,7.2429895,United Kingdom,0,107,False,0,"Open discussion about all aspects of disability, illness, and mental health. TW: Mental health/ED. Admins: @halfabear, @IslaBoag and @SciPhiKat",DerekActual,http://twitter.com/everydayableism,False,None,en,4147,06/19/14,http://twitter.com/everydayableism/status/479732222292160512,Casablanca,None,everydayableism,http://twitter.com/EverydayAbleism/status/479732222292160512
cancerchat,False,None,"RT @EverydayAbleism: People definitely treated my cancer with more respect than my Bipolar Disorder, yet the latter is chronic and more deb…",170,7.404774,Cock of the North,9,2,False,None,music lover/stargazer/aviation geek/shoe hoarder/mummy/foodie/not famous/special,EverydayAbleism,http://twitter.com/dnyw1,True,None,en,953,06/19/14,http://twitter.com/dnyw1/status/479732686668705794,None,None,dnyw1,http://twitter.com/DNYW1/status/479732686668705794
cancerchat,False,None,"@Forord Also, those emotive words - fighting, battling etc, make it seem like those who die didn't somehow try hard enough! #cancerchat",4599,12.109768,United Kingdom,5,107,False,0,"Open discussion about all aspects of disability, illness, and mental health. TW: Mental health/ED. Admins: @halfabear, @IslaBoag and @SciPhiKat",Forord,http://twitter.com/everydayableism,False,None,en,4147,06/19/14,http://twitter.com/everydayableism/status/479732863739637761,Casablanca,None,everydayableism,http://twitter.com/EverydayAbleism/status/479732863739637761
cancerchat,False,None,"RT @EverydayAbleism: Just before I go... I have grown to loathe:

* inspiration 
* fighter / battler / brave 
* cancer victim
* pinkificati…",331,7.3406024,,9,19,False,0,Accidental insurance expert.,EverydayAbleism,http://twitter.com/meladyfreshness,False,None,en,3859,06/19/14,http://twitter.com/meladyfreshness/status/479732927539195904,Casablanca,None,meladyfreshness,http://twitter.com/MeLadyFreshness/status/479732927539195904
cancerchat,False,None,"RT @EverydayAbleism: @Forord Also, those emotive words - fighting, battling etc, make it seem like those who die didn't somehow try hard en…",1096,7.144442,"Lancaster, UK",5,25,False,3600,"Bipolar Disorder & BRCA1 Breast Cancer...  Prolific, rarely funny and frequently mathematical.",EverydayAbleism~Forord,http://twitter.com/debecca,False,None,en,9341,06/19/14,http://twitter.com/debecca/status/479733088956579840,London,None,debecca,http://twitter.com/debecca/status/479733088956579840
cancerchat,False,None,"@Forord Yes. Am not ""fighting"" cancer &amp; I am not an inspiration. I merely get up and try to get through each day as anyone would #cancerchat",4599,12.054407,United Kingdom,3,107,False,0,"Open discussion about all aspects of disability, illness, and mental health. TW: Mental health/ED. Admins: @halfabear, @IslaBoag and @SciPhiKat",Forord,http://twitter.com/everydayableism,False,None,en,4147,06/19/14,http://twitter.com/everydayableism/status/479733653166379010,Casablanca,None,everydayableism,http://twitter.com/EverydayAbleism/status/479733653166379010
cancerchat,False,None,"RT @EverydayAbleism: @Forord Yes. Am not ""fighting"" cancer &amp; I am not an inspiration. I merely get up and try to get through each day as an…",328,7.3297534,London,3,12,False,3600,"Growing Guiding team @Girlguiding, working w/ @SaferLondon1 and @YouthareUnited. Less baking nowadays, more physio for #CysticFibrosis",EverydayAbleism~Forord,http://twitter.com/rcttaylor,False,None,en,895,06/19/14,http://twitter.com/rcttaylor/status/479733713295900673,London,None,rcttaylor,http://twitter.com/rcttaylor/status/479733713295900673
Exercising~Cancer~listenlive~cancerexercise~cancersupport~cancerchat,False,None,"#Exercising with #Cancer, Why and How it Helps - #listenlive in 45 minutes #cancerexercise #cancersupport #cancerchat http://t.co/bD2uDszRWW",382,7.2143865,"New york,",0,8,False,-14400,The Cure Panel Talk Show by CureTalk Blog is an internet radio talkshow that brings together experts and patients/caregivers/researchers on a single platform.,,http://twitter.com/curepanel,False,None,en,274,06/19/14,http://twitter.com/curepanel/status/479734143937290240,Eastern Time (US & Canada),None,curepanel,http://twitter.com/CurePanel/status/479734143937290240
cancerchat,False,None,"RT @EverydayAbleism: @Forord Yes. Am not ""fighting"" cancer &amp; I am not an inspiration. I merely get up and try to get through each day as an…",766,7.3297534,Behind you. Made you look.,3,38,False,3600,"Developer of http://t.co/f0bz871ix1 for @JamesPMorrison 

Screenwriter, Drupal Web Developer, Photographer. Unashamed geek. Denver Broncos fan. #GoBroncos #PFM",EverydayAbleism~Forord,http://twitter.com/valyrianarakh,False,None,en,1841,06/19/14,http://twitter.com/valyrianarakh/status/479738702965788672,London,None,valyrianarakh,http://twitter.com/valyrianarakh/status/479738702965788672
cancerexercise~trainers~cancersurvivor~cancerchat~cancersupport~listenlive,False,None,"ACSM website has a listing of #cancerexercise #trainers 
#cancersurvivor #cancerchat #cancersupport #listenlive http://t.co/bD2uDszRWW …",382,7.2143865,"New york,",0,8,False,-14400,The Cure Panel Talk Show by CureTalk Blog is an internet radio talkshow that brings together experts and patients/caregivers/researchers on a single platform.,,http://twitter.com/curepanel,False,None,en,274,06/19/14,http://twitter.com/curepanel/status/479755467074187264,Eastern Time (US & Canada),None,curepanel,http://twitter.com/CurePanel/status/479755467074187264
survivors~SurvivorStories~cancerchat,False,None,Just 99 cents help you help me to spread the ANTHEM for survivors! http://t.co/Ompt1Jchqm #survivors #SurvivorStories #cancerchat,852,7.8583493,"Jacksonville, FL",1,16,False,-18000,"4-time survivor of cancer, singer-songwriter and founder of 2surviveonline.com. Check out my song for survivors called, Survivors Survive at RyanHamner.com!",,http://twitter.com/ryanhamner,False,None,en,191,06/20/14,http://twitter.com/ryanhamner/status/479806707565350912,Central Time (US & Canada),None,ryanhamner,http://twitter.com/ryanhamner/status/479806707565350912
cancerchat,False,None,"RT @EverydayAbleism: @Forord Yes. Am not ""fighting"" cancer &amp; I am not an inspiration. I merely get up and try to get through each day as an…",1821,10.502883,England,3,50,False,3600,#OI #geek #Phile #Oncer #Whovian #Tribute #Slayer #grenade. Volunteer @bdcmuseum. #PhD @UniofExeter; #ageing #women #fairytale #film. Co-admin @EverydayAbleism,EverydayAbleism~Forord,http://twitter.com/sciphikat,True,None,en,2022,06/20/14,http://twitter.com/sciphikat/status/480049934897790976,London,None,sciphikat,http://twitter.com/SciPhiKat/status/480049934897790976
Cancer~WorldCup2014~cancerproblems~cancer~cancersurvivor~cancerchat~SIC,False,None,The truth about Cancer: http://t.co/se9aIfJLOa #Cancer #WorldCup2014 #cancerproblems #cancer #cancersurvivor #cancerchat #SIC,160,7.763486,"Los Angeles, CA",0,3,False,None,"Stage IV stomach cancer patient starting a new social media site that will be unique, intuitive, and helpful to patients, caregivers, and friends.",,http://twitter.com/soitscancer,True,None,en,17,06/23/14,http://twitter.com/soitscancer/status/480938517514567680,None,None,soitscancer,http://twitter.com/soitscancer/status/480938517514567680
BreastCancer~breastcancerchat~cancerchat,False,None,In the news: 3-D Mammography Test Appears to Improve #BreastCancer Detection Rate: http://t.co/VZyh5DsvGM. #breastcancerchat #cancerchat,3982,8.363643,Indiana,1,143,False,-14400,"Indiana University School of Medicine is the second largest medical school in the United States. Tweets by Sam and Kris, IU Communications.",,http://twitter.com/iumedschool,False,None,en,63,06/25/14,http://twitter.com/iumedschool/status/481818598898294784,Eastern Time (US & Canada),None,iumedschool,http://twitter.com/iumedschool/status/481818598898294784
BreastCancer~breastcancerchat~cancerchat,False,None,RT @iumedschool: In the news: 3-D Mammography Test Appears to Improve #BreastCancer Detection Rate: http://t.co/VZyh5DsvGM. #breastcancerch…,63,7.3009877,,1,1,False,None,,iumedschool,http://twitter.com/scallonj,True,None,en,12,06/25/14,http://twitter.com/scallonj/status/481839018624425986,None,None,scallonj,http://twitter.com/scallonj/status/481839018624425986
MyLastSummer~CancerChat,False,None,"Following #MyLastSummer, pls let anyone affected by cancer know they have a safe place to talk on #CancerChat http://t.co/nTOY4Z2ydG",161938,14.147111,UK,47,1783,False,3600,Cancer Research UK pioneers life-saving research to bring forward the day when all cancers are cured.,,http://twitter.com/cr_uk,True,None,en,57,06/25/14,http://twitter.com/cr_uk/status/481919774075523072,London,None,cr_uk,http://twitter.com/CR_UK/status/481919774075523072
MyLastSummer~CancerChat,False,None,"RT @CR_UK: Following #MyLastSummer, pls let anyone affected by cancer know they have a safe place to talk on #CancerChat http://t.co/nTOY4Z…",19494,7.5759497,Worcs / West Midlands UK ,47,169,False,3600,"Stunning #Corsets #Bustiers #Babydolls & #Lingerie including a #Bridal range. Brands inc Vollers, Grayca, Coquette, Shirley of Hollywood. Worldwide Delivery.",CR_UK,http://twitter.com/butterflycorset,False,None,en,13338,06/25/14,http://twitter.com/butterflycorset/status/481920019581108224,London,None,butterflycorset,http://twitter.com/ButterflyCorset/status/481920019581108224
MyLastSummer~CancerChat,False,None,"RT @CR_UK: Following #MyLastSummer, pls let anyone affected by cancer know they have a safe place to talk on #CancerChat http://t.co/nTOY4Z…",43,7.5759497,Liverpool,47,2,False,None,"UK's first breast cancer survivor Dragon Boat Team.  We support, we train, we race, we keep strong and share happy experiences.",CR_UK,http://twitter.com/pooloflife1,False,None,en-gb,0,06/25/14,http://twitter.com/pooloflife1/status/481920055668899840,None,None,pooloflife1,http://twitter.com/PoolofLife1/status/481920055668899840
MyLastSummer~CancerChat,False,None,"RT @CR_UK: Following #MyLastSummer, pls let anyone affected by cancer know they have a safe place to talk on #CancerChat http://t.co/nTOY4Z…",59,7.5759497,by the sea,47,2,False,3600,,CR_UK,http://twitter.com/fairydollpink,True,None,en,67,06/25/14,http://twitter.com/fairydollpink/status/481920219972382721,London,None,fairydollpink,http://twitter.com/fairydollpink/status/481920219972382721
MyLastSummer~CancerChat,False,None,"RT @CR_UK: Following #MyLastSummer, pls let anyone affected by cancer know they have a safe place to talk on #CancerChat http://t.co/nTOY4Z…",261,7.5759497,,47,0,False,0,One direction concert april 16th 2013. Directioner. Peter andre and his channel followed me thanks! •EmilyMacdonaugh• http://t.co/Esd1sS3A4a,CR_UK,http://twitter.com/3jadeeeeeee,True,None,en,7766,06/25/14,http://twitter.com/3jadeeeeeee/status/481920243741499392,Casablanca,None,3jadeeeeeee,http://twitter.com/3Jadeeeeeee/status/481920243741499392
MyLastSummer~CancerChat,False,None,"RT @CR_UK: Following #MyLastSummer, pls let anyone affected by cancer know they have a safe place to talk on #CancerChat http://t.co/nTOY4Z…",1081,7.5759497,,47,7,False,None,I desire the things which will destroy me in the end - Sylvia Plath,CR_UK,http://twitter.com/jillianhalfp,True,None,en,3434,06/25/14,http://twitter.com/jillianhalfp/status/481920257914077184,None,None,jillianhalfp,http://twitter.com/jillianhalfp/status/481920257914077184
MyLastSummer~CancerChat,False,None,"RT @CR_UK: Following #MyLastSummer, pls let anyone affected by cancer know they have a safe place to talk on #CancerChat http://t.co/nTOY4Z…",16,7.5759497,,47,0,False,None,"Life is short...live every minute, love every minute.",CR_UK,http://twitter.com/mertylturtle,True,None,en,37,06/25/14,http://twitter.com/mertylturtle/status/481920359433007105,None,None,mertylturtle,http://twitter.com/mertylturtle/status/481920359433007105
MyLastSummer~CancerChat,False,None,"RT @CR_UK: Following #MyLastSummer, pls let anyone affected by cancer know they have a safe place to talk on #CancerChat http://t.co/nTOY4Z…",3833,7.5759497,www.RockNRollKids.co.uk,47,21,False,3600,"Radio DJ presenting the #RockNRollKids Radio show on @MeridianRadio from Greenwich London UK.......
 Great Music and the Best Variety",CR_UK,http://twitter.com/johnedavies,True,None,en,215,06/25/14,http://twitter.com/johnedavies/status/481920474256252928,London,None,johnedavies,http://twitter.com/JohnEDavies/status/481920474256252928
MyLastSummer~CancerChat,False,None,"RT @CR_UK: Following #MyLastSummer, pls let anyone affected by cancer know they have a safe place to talk on #CancerChat http://t.co/nTOY4Z…",8902,7.5759497,,47,107,False,None,RTing UK Business 9-5. If your not getting RT'd then ask to be listed.,CR_UK,http://twitter.com/ukhour,False,None,en,231,06/25/14,http://twitter.com/ukhour/status/481920474700873728,None,None,ukhour,http://twitter.com/UkHour/status/481920474700873728
MyLastSummer~CancerChat,False,None,"RT @CR_UK: Following #MyLastSummer, pls let anyone affected by cancer know they have a safe place to talk on #CancerChat http://t.co/nTOY4Z…",175,7.5759497,Solihull,47,7,False,None,I'm just me :-),CR_UK,http://twitter.com/littlestephm,False,None,en,1397,06/25/14,http://twitter.com/littlestephm/status/481920563657867264,None,None,littlestephm,http://twitter.com/littlestephm/status/481920563657867264
MyLastSummer~CancerChat,False,None,"RT @CR_UK: Following #MyLastSummer, pls let anyone affected by cancer know they have a safe place to talk on #CancerChat http://t.co/nTOY4Z…",68,7.5759497,Worcestershire,47,0,False,None,,CR_UK,http://twitter.com/knickersdean,False,None,en,112,06/25/14,http://twitter.com/knickersdean/status/481920575276085248,None,None,knickersdean,http://twitter.com/knickersdean/status/481920575276085248
MyLastSummer~CancerChat,False,None,"RT @CR_UK: Following #MyLastSummer, pls let anyone affected by cancer know they have a safe place to talk on #CancerChat http://t.co/nTOY4Z…",373,7.5759497,,47,2,False,None,"My step daughter - Bailey - was diagnosed with a brain tumour 6 years ago, she fought Leukaemia last year.",CR_UK,http://twitter.com/baileyfund,True,None,en,167,06/25/14,http://twitter.com/baileyfund/status/481920577150930944,None,None,baileyfund,http://twitter.com/Baileyfund/status/481920577150930944
MyLastSummer~CancerChat,False,None,"RT @CR_UK: Following #MyLastSummer, pls let anyone affected by cancer know they have a safe place to talk on #CancerChat http://t.co/nTOY4Z…",108,7.5759497,UK,47,2,False,None,"Supports the Royal Marsden Cancer Charity, Cancer Research UK, MacMillan, Marie Curie, ACLT, Anthony Nolan Trust, SL20 Trust",CR_UK,http://twitter.com/chericheri40,False,None,en,1367,06/25/14,http://twitter.com/chericheri40/status/481920843543740417,None,None,chericheri40,http://twitter.com/CheriCheri40/status/481920843543740417
MyLastSummer~CancerChat,False,None,"RT @CR_UK: Following #MyLastSummer, pls let anyone affected by cancer know they have a safe place to talk on #CancerChat http://t.co/nTOY4Z…",197,7.5759497,"Ipswich, UK.",47,3,False,3600,Undergraduate LLB Law Student; Cancer Campaigns Ambassador for Cancer Research UK. Obsessed with Desperate Housewives Series,CR_UK,http://twitter.com/86sian,True,None,en,457,06/25/14,http://twitter.com/86sian/status/481921766642946049,London,None,86sian,http://twitter.com/86Sian/status/481921766642946049
MyLastSummer~CancerChat,False,None,"RT @CR_UK: Following #MyLastSummer, pls let anyone affected by cancer know they have a safe place to talk on #CancerChat http://t.co/nTOY4Z…",1428,10.808754,London,47,56,False,-36000,Media and communications professional at Rough House Media. Make occasional forays into TV production and love the Archers!,CR_UK,http://twitter.com/roughhouse01,False,None,en,49,06/25/14,http://twitter.com/roughhouse01/status/481922004137050112,Hawaii,None,roughhouse01,http://twitter.com/roughhouse01/status/481922004137050112
MyLastSummer~CancerChat,False,None,"RT @CR_UK: Following #MyLastSummer, pls let anyone affected by cancer know they have a safe place to talk on #CancerChat http://t.co/nTOY4Z…",36,7.5759497,Scotland,47,0,False,3600,"thinker, drinker, chatter, gossiper, studier, baker......",CR_UK,http://twitter.com/ilovechattin,False,None,en,167,06/25/14,http://twitter.com/ilovechattin/status/481922351266009089,Edinburgh,None,ilovechattin,http://twitter.com/ilovechattin/status/481922351266009089
MyLastSummer~CancerChat,False,None,"RT @CR_UK: Following #MyLastSummer, pls let anyone affected by cancer know they have a safe place to talk on #CancerChat http://t.co/nTOY4Z…",792,7.5759497,L.A.,47,14,False,None,Latest breaking medical news and information tweeted and retweeted 24/7.,CR_UK,http://twitter.com/1medical2news,False,None,en,0,06/25/14,http://twitter.com/1medical2news/status/481922543457427457,None,None,1medical2news,http://twitter.com/1MEDICAL2NEWS/status/481922543457427457
MyLastSummer~CancerChat,False,None,"RT @CR_UK: Following #MyLastSummer, pls let anyone affected by cancer know they have a safe place to talk on #CancerChat http://t.co/nTOY4Z…",70,7.5759497,,47,0,False,None,,CR_UK,http://twitter.com/jesstaytay80,False,None,en,22,06/25/14,http://twitter.com/jesstaytay80/status/481922859225583616,None,None,jesstaytay80,http://twitter.com/jesstaytay80/status/481922859225583616
MyLastSummer~CancerChat,False,None,"RT @CR_UK: Following #MyLastSummer, pls let anyone affected by cancer know they have a safe place to talk on #CancerChat http://t.co/nTOY4Z…",57,7.5759497,,47,0,False,None,"Graduate student, cancer researcher, worshipper of good science (and science fiction AND the zone in between), amateur science writer.",CR_UK,http://twitter.com/anweshaghoshbio,False,None,en,7,06/25/14,http://twitter.com/anweshaghoshbio/status/481922988062031873,None,None,anweshaghoshbio,http://twitter.com/AnweshaGhoshBio/status/481922988062031873
MyLastSummer~CancerChat,False,None,"RT @CR_UK: Following #MyLastSummer, pls let anyone affected by cancer know they have a safe place to talk on #CancerChat http://t.co/nTOY4Z…",143,7.5759497,Wrexham,47,1,False,None,I  contracted cancer last year and thanks to Shooting Star Unit Wrexham & the cancer unit in Glan Clwyd im recovering. Im a Liverpool supporter been since 1963.,CR_UK,http://twitter.com/barongraham,True,None,en,18,06/25/14,http://twitter.com/barongraham/status/481923036841799683,None,None,barongraham,http://twitter.com/BaronGraham/status/481923036841799683
MyLastSummer~CancerChat,False,None,"RT @CR_UK: Following #MyLastSummer, pls let anyone affected by cancer know they have a safe place to talk on #CancerChat http://t.co/nTOY4Z…",188,7.5759497,London,47,2,False,0,"Law, War, Churchill, Church and Champagne",CR_UK,http://twitter.com/vanessasjevans,False,None,en,301,06/25/14,http://twitter.com/vanessasjevans/status/481923566725001216,Casablanca,None,vanessasjevans,http://twitter.com/VanessaSJEvans/status/481923566725001216
MyLastSummer~CancerChat,False,None,"RT @CR_UK: Following #MyLastSummer, pls let anyone affected by cancer know they have a safe place to talk on #CancerChat http://t.co/nTOY4Z…",144,7.5759497,Oxfordshire,47,5,False,None,"Registered charity providing advocacy services to vulnerable adults, supporting them in getting their voices heard on matters that impact their wellbeing.",CR_UK,http://twitter.com/gettingheardox,False,None,en-gb,5,06/25/14,http://twitter.com/gettingheardox/status/481923603559362560,None,None,gettingheardox,http://twitter.com/gettingheardOX/status/481923603559362560
MyLastSummer~CancerChat,False,None,"RT @CR_UK: Following #MyLastSummer, pls let anyone affected by cancer know they have a safe place to talk on #CancerChat http://t.co/nTOY4Z…",370,7.5759497,Leeds England UK,47,6,False,None,"If I have made one human being happier, one creature more comfortable, one heart more hopeful, my day has not been wasted.",CR_UK,http://twitter.com/ajayleedsleo,False,None,en,346,06/25/14,http://twitter.com/ajayleedsleo/status/481926413864677377,None,None,ajayleedsleo,http://twitter.com/ajayleedsleo/status/481926413864677377
MyLastSummer~CancerChat,False,None,"RT @CR_UK: Following #MyLastSummer, pls let anyone affected by cancer know they have a safe place to talk on #CancerChat http://t.co/nTOY4Z…",151,7.5759497,London,47,9,False,3600,PhD at UCL exploring films about urban architecture in the Øresund. Co-Editor of @Opticon1826. Loves Star Wars & Lars von Trier. Annoyed by apostrophe abuse.,CR_UK,http://twitter.com/peisze_c,False,None,en,29,06/25/14,http://twitter.com/peisze_c/status/481926654080864256,London,None,peisze_c,http://twitter.com/peisze_c/status/481926654080864256
MyLastSummer~CancerChat,False,None,"RT @CR_UK: Following #MyLastSummer, pls let anyone affected by cancer know they have a safe place to talk on #CancerChat http://t.co/nTOY4Z…",350,7.5759497,,47,3,False,None,Artist Political tragic Environmentalist Born Scotland work in progress figuring out Twitterers can be very judgy - I'm tuff-dont like labels on clothes or ppl,CR_UK,http://twitter.com/magpie1954nbird,True,None,en,1366,06/25/14,http://twitter.com/magpie1954nbird/status/481928055955263489,None,None,magpie1954nbird,http://twitter.com/Magpie1954nBird/status/481928055955263489
MyLastSummer~CancerChat,False,None,"RT @CR_UK: Following #MyLastSummer, pls let anyone affected by cancer know they have a safe place to talk on #CancerChat http://t.co/nTOY4Z…",189,7.5759497,,47,4,False,7200,"I am a book, tv and poetry loving nurse :) england ·Views are my own!",CR_UK,http://twitter.com/heatherhollowel,False,None,en,153,06/25/14,http://twitter.com/heatherhollowel/status/481928302073225218,Amsterdam,None,heatherhollowel,http://twitter.com/heatherhollowel/status/481928302073225218
MyLastSummer~CancerChat,False,None,"RT @CR_UK: Following #MyLastSummer, pls let anyone affected by cancer know they have a safe place to talk on #CancerChat http://t.co/nTOY4Z…",128,7.5759497,Whetstone,47,1,False,7200,Lover of life and the people in it! We are only here the once so LOVE all that you do every day and in every way!,CR_UK,http://twitter.com/debznedz,True,None,en,796,06/25/14,http://twitter.com/debznedz/status/481931065909862401,Amsterdam,None,debznedz,http://twitter.com/debznedz/status/481931065909862401
MyLastSummer~CancerChat,False,None,"RT @CR_UK: Following #MyLastSummer, pls let anyone affected by cancer know they have a safe place to talk on #CancerChat http://t.co/nTOY4Z…",260,7.5759497,,47,0,False,3600,,CR_UK,http://twitter.com/bronnie09,True,None,en,207,06/25/14,http://twitter.com/bronnie09/status/481931743419990016,London,None,bronnie09,http://twitter.com/Bronnie09/status/481931743419990016
MyLastSummer~CancerChat,False,None,"RT @CR_UK: Following #MyLastSummer, pls let anyone affected by cancer know they have a safe place to talk on #CancerChat http://t.co/nTOY4Z…",44,7.5759497,,47,0,False,None,,CR_UK,http://twitter.com/sheppeystroll,False,None,en,0,06/25/14,http://twitter.com/sheppeystroll/status/481939611615522816,None,None,sheppeystroll,http://twitter.com/Sheppeystroll/status/481939611615522816
MyLastSummer~CancerChat,False,None,"RT @CR_UK: Following #MyLastSummer, pls let anyone affected by cancer know they have a safe place to talk on #CancerChat http://t.co/nTOY4Z…",83,7.5759497,Bristol,47,2,False,-36000,I like handbags a lot!,CR_UK,http://twitter.com/hellsbells1102,True,None,en,70,06/26/14,http://twitter.com/hellsbells1102/status/481952069142994944,Hawaii,None,hellsbells1102,http://twitter.com/hellsbells1102/status/481952069142994944
MyLastSummer~CancerChat,False,None,"RT @CR_UK: Following #MyLastSummer, pls let anyone affected by cancer know they have a safe place to talk on #CancerChat http://t.co/nTOY4Z…",71,7.5759497,"London, UK",47,3,False,None,"Academic research group, influencing policy through describing & explaining regional & socio-economic differences & inequalities in cancer survival.",CR_UK,http://twitter.com/csg_lshtm,True,None,en,8,06/26/14,http://twitter.com/csg_lshtm/status/482002994339135488,None,None,csg_lshtm,http://twitter.com/CSG_LSHTM/status/482002994339135488
MyLastSummer~CancerChat,False,None,"RT @CR_UK: Following #MyLastSummer, pls let anyone affected by cancer know they have a safe place to talk on #CancerChat http://t.co/nTOY4Z…",16,7.5759497,isle of sheppey,47,0,False,None,,CR_UK,http://twitter.com/ashbob92,True,None,en,9,06/26/14,http://twitter.com/ashbob92/status/482027768767873024,None,None,ashbob92,http://twitter.com/ashbob92/status/482027768767873024
MyLastSummer~CancerChat,False,None,"RT @CR_UK: Following #MyLastSummer, pls let anyone affected by cancer know they have a safe place to talk on #CancerChat http://t.co/nTOY4Z…",21,7.5759497,Brighton,47,0,False,None,Head of Volunteering at Cancer Research UK. All views expressed are my own.,CR_UK,http://twitter.com/richardm77,False,None,en,3,06/26/14,http://twitter.com/richardm77/status/482049977850802176,None,None,richardm77,http://twitter.com/RichardM77/status/482049977850802176
MyLastSummer~CancerChat,False,None,"RT @CR_UK: Following #MyLastSummer, pls let anyone affected by cancer know they have a safe place to talk on #CancerChat http://t.co/nTOY4Z…",612,7.5759497,"Kilmarnock, Ayrshire",47,2,False,3600,"Loving Sparkles is the new place to find all things bling including handbags, shoes, jewellery, wedding tiaras and favours as well as bling gifts!",CR_UK,http://twitter.com/lovingsparkles,False,None,en,872,06/26/14,http://twitter.com/lovingsparkles/status/482074681668018176,Dublin,None,lovingsparkles,http://twitter.com/LovingSparkles/status/482074681668018176
MyLastSummer~CancerChat,False,None,"RT @CR_UK: Following #MyLastSummer, pls let anyone affected by cancer know they have a safe place to talk on #CancerChat http://t.co/nTOY4Z…",725,7.5759497,London,47,11,False,None,"I take cool photos of cool people and places. 
Live everyday like it could be me last..",CR_UK,http://twitter.com/photosbyalexp,True,None,en,367,06/26/14,http://twitter.com/photosbyalexp/status/482112856436264960,None,None,photosbyalexp,http://twitter.com/PhotosByAlexP/status/482112856436264960
MyLastSummer~CancerChat,False,None,"RT @CR_UK: Following #MyLastSummer, pls let anyone affected by cancer know they have a safe place to talk on #CancerChat http://t.co/nTOY4Z…",551,7.5759497,"Portsmouth, UK",47,9,False,7200,Photographer hailing from the South Coast.  Specialising in weddings / events & sports,CR_UK,http://twitter.com/5nowyuk,True,None,en,697,06/26/14,http://twitter.com/5nowyuk/status/482113076700147712,Amsterdam,None,5nowyuk,http://twitter.com/5nowyuk/status/482113076700147712
MyLastSummer~CancerChat,False,None,"RT @CR_UK: Following #MyLastSummer, pls let anyone affected by cancer know they have a safe place to talk on #CancerChat http://t.co/nTOY4Z…",94,7.5759497,South Africa ,47,3,False,None,Independent Clinical Oncology Network: Building a sustainable Cancer Care model for all South Africans,CR_UK,http://twitter.com/icon4cancer,False,None,en,11,06/26/14,http://twitter.com/icon4cancer/status/482149341805936640,None,None,icon4cancer,http://twitter.com/ICON4CANCER/status/482149341805936640
IU~cancer~cancerchat,False,None,#IU #cancer researcher earns Conquer Cancer Foundation grant: http://t.co/IfGVVy2SMS. @IUNewsroom #cancerchat,3982,9.173248,Indiana,1,143,False,-14400,"Indiana University School of Medicine is the second largest medical school in the United States. Tweets by Sam and Kris, IU Communications.",IUNewsroom,http://twitter.com/iumedschool,False,None,en,63,06/26/14,http://twitter.com/iumedschool/status/482164352187768832,Eastern Time (US & Canada),None,iumedschool,http://twitter.com/iumedschool/status/482164352187768832
IU~cancer~cancerchat,False,None,RT @iumedschool: #IU #cancer researcher earns Conquer Cancer Foundation grant: http://t.co/IfGVVy2SMS. @IUNewsroom #cancerchat,4248,7.3859653,Indiana University,1,149,False,-14400,The official source for news from Indiana University.,iumedschool~IUNewsroom,http://twitter.com/iunewsroom,False,None,en,79,06/26/14,http://twitter.com/iunewsroom/status/482170613432602624,Eastern Time (US & Canada),None,iunewsroom,http://twitter.com/IUNewsroom/status/482170613432602624
MyLastSummer~CancerChat,False,None,"""@CR_UK:Following #MyLastSummer,pls let anyone affected by cancer know they have a safe place to talk on #CancerChat http://t.co/34kIKkYBSp""",6,7.728017,,0,0,False,None,,CR_UK,http://twitter.com/951b6eaf37c64de,False,None,en,19,06/26/14,http://twitter.com/951b6eaf37c64de/status/482214352591015936,None,None,951b6eaf37c64de,http://twitter.com/951b6eaf37c64de/status/482214352591015936
MyLastSummer~CancerChat,False,None,"RT @CR_UK: Following #MyLastSummer, pls let anyone affected by cancer know they have a safe place to talk on #CancerChat http://t.co/nTOY4Z…",26,7.5759497,,47,0,False,None,Wanna be play therapist. Currently working with families in Oxfordshire supporting/empowering them to manage their complex needs. Big believer in self nurture.,CR_UK,http://twitter.com/cclarew,False,None,en,59,06/26/14,http://twitter.com/cclarew/status/482248865912213504,None,None,cclarew,http://twitter.com/cclarew/status/482248865912213504
MyLastSummer~CancerChat,False,None,"RT @CR_UK: Following #MyLastSummer, pls let anyone affected by cancer know they have a safe place to talk on #CancerChat http://t.co/nTOY4Z…",465,7.5759497,Stratford-upon-Avon,47,0,False,None,Not all those who wander are lost,CR_UK,http://twitter.com/sophiamhunt,False,None,en,251,06/26/14,http://twitter.com/sophiamhunt/status/482271109237456896,None,None,sophiamhunt,http://twitter.com/sophiamhunt/status/482271109237456896
MyLastSummer~CancerChat,False,None,"RT @CR_UK: Following #MyLastSummer, pls let anyone affected by cancer know they have a safe place to talk on #CancerChat http://t.co/nTOY4Z…",15,7.5759497,,47,0,False,None,"Football 
Politics
General News",CR_UK,http://twitter.com/433effect4321,False,None,en,46,06/27/14,http://twitter.com/433effect4321/status/482336676204011520,None,None,433effect4321,http://twitter.com/433effect4321/status/482336676204011520
MyLastSummer~CancerChat,False,None,"RT @CR_UK: Following #MyLastSummer, pls let anyone affected by cancer know they have a safe place to talk on #CancerChat http://t.co/nTOY4Z…",11,7.5759497,somerset,47,0,False,None,,CR_UK,http://twitter.com/somersetpeter,False,None,en,0,06/27/14,http://twitter.com/somersetpeter/status/482564461543555072,None,None,somersetpeter,http://twitter.com/somersetpeter/status/482564461543555072
IU~cancer~cancerchat,False,None,#IU #cancer researcher earns Conquer Cancer Foundation grant: http://t.co/IfGVVy2SMS . @IUNewsroom #cancerchat,3982,8.483812,Indiana,1,143,False,-14400,"Indiana University School of Medicine is the second largest medical school in the United States. Tweets by Sam and Kris, IU Communications.",IUNewsroom,http://twitter.com/iumedschool,False,None,en,63,06/29/14,http://twitter.com/iumedschool/status/483380645196881920,Eastern Time (US & Canada),None,iumedschool,http://twitter.com/iumedschool/status/483380645196881920
IU~cancer~cancerchat,False,None,RT @iumedschool: #IU #cancer researcher earns Conquer Cancer Foundation grant: http://t.co/IfGVVy2SMS . @IUNewsroom #cancerchat,62,7.471677,"Indianapolis, Indiana",1,1,False,None,"Winona Memorial Foundation

Founded 1956",iumedschool~IUNewsroom,http://twitter.com/walthercancerin,False,None,en,29,06/30/14,http://twitter.com/walthercancerin/status/483431976888578048,None,None,walthercancerin,http://twitter.com/WaltherCancerIn/status/483431976888578048
